{"loss": [0.9153704643249512, 0.754948079586029, 0.7067054510116577, 0.6427958011627197, 0.6225555539131165, 0.6140338182449341, 0.6131688356399536, 0.6106958389282227, 0.6094139814376831, 0.6101446747779846, 0.6103186011314392, 0.6100247502326965, 0.6100805997848511, 0.6089751124382019, 0.6092016100883484, 0.6086778044700623, 0.6089022159576416, 0.6085431575775146, 0.6084958910942078, 0.6086063385009766, 0.6089134216308594, 0.6088467240333557, 0.6085989475250244, 0.6086506843566895, 0.6086411476135254, 0.6087536215782166, 0.6085886359214783, 0.6086058020591736, 0.6083833575248718, 0.6085554957389832, 0.6086583137512207, 0.6085897088050842], "accuracy": [0.661960780620575, 0.8138561844825745, 0.814379096031189, 0.814379096031189, 0.814379096031189, 0.814379096031189, 0.814379096031189, 0.814379096031189, 0.814379096031189, 0.814379096031189, 0.814379096031189, 0.814379096031189, 0.814379096031189, 0.814379096031189, 0.814379096031189, 0.814379096031189, 0.814379096031189, 0.814379096031189, 0.814379096031189, 0.814379096031189, 0.814379096031189, 0.814379096031189, 0.814379096031189, 0.814379096031189, 0.814379096031189, 0.814379096031189, 0.814379096031189, 0.814379096031189, 0.814379096031189, 0.814379096031189, 0.814379096031189, 0.814379096031189], "val_loss": [0.7951794862747192, 0.7025076746940613, 0.664193868637085, 0.6277680397033691, 0.6156738996505737, 0.6110760569572449, 0.6094724535942078, 0.6088343858718872, 0.6086099147796631, 0.608515202999115, 0.6084855198860168, 0.6084892749786377, 0.6084837913513184, 0.6084809303283691, 0.608474612236023, 0.6084689497947693, 0.6084631085395813, 0.608463704586029, 0.6084622740745544, 0.6084625124931335, 0.6084619164466858, 0.6084628105163574, 0.6084624528884888, 0.6084627509117126, 0.6084641814231873, 0.6084629893302917, 0.6084631085395813, 0.6084615588188171, 0.608462929725647, 0.6084620952606201, 0.6084615588188171, 0.608462393283844], "val_accuracy": [0.814379096031189, 0.814379096031189, 0.814379096031189, 0.814379096031189, 0.814379096031189, 0.814379096031189, 0.814379096031189, 0.814379096031189, 0.814379096031189, 0.814379096031189, 0.814379096031189, 0.814379096031189, 0.814379096031189, 0.814379096031189, 0.814379096031189, 0.814379096031189, 0.814379096031189, 0.814379096031189, 0.814379096031189, 0.814379096031189, 0.814379096031189, 0.814379096031189, 0.814379096031189, 0.814379096031189, 0.814379096031189, 0.814379096031189, 0.814379096031189, 0.814379096031189, 0.814379096031189, 0.814379096031189, 0.814379096031189, 0.814379096031189]}